product_category,product_id,product_name,product_subcategory
Hot Beverages,Coffee,Americano,HOT-COF-AME-1000
Retail,Kitchen Tool,Dripper,RET-KIT-DRI-1001
Hot Beverages,Coffee,Espresso,HOT-COF-ESP-1002
Hot Beverages,Tea,Black Tea,HOT-TEA-BLA-1003
Retail,Kitchen Tool,Perculator,RET-KIT-PER-1004
Cold Beverages,Iced Coffee,Iced Cappuccino,COL-ICE-ICE-1005
Retail,Kitchen Tool,French Press,RET-KIT-FRE-1006
Cold Beverages,Iced Tea,Iced Green Tea,COL-ICE-ICE-1007
Retail,Kitchen Tool,Perculator,RET-KIT-PER-1008
Retail,Mug,PyBrew Texas Edition Mug 36oz,RET-MUG-PYB-1009
Hot Beverages,Tea,Black Tea,HOT-TEA-BLA-1010
Retail,Mug,PyBrew Texas Edition Mug 36oz,RET-MUG-PYB-1011
Retail,Kitchen Tool,Perculator,RET-KIT-PER-1012
Hot Beverages,Tea,Green Tea,HOT-TEA-GRE-1013
Hot Beverages,Coffee,Mocha,HOT-COF-MOC-1014
Snacks,Packaged,Trail Mix,SNA-PAC-TRA-1015
Cold Beverages,Iced Tea,Iced Herbal Tea,COL-ICE-ICE-1016
Snacks,Packaged,Gronola Bar,SNA-PAC-GRO-1017
Cold Beverages,Iced Coffee,Cold Brew,COL-ICE-COL-1018
Hot Beverages,Tea,Black Tea,HOT-TEA-BLA-1019
Snacks,Packaged,Trail Mix,SNA-PAC-TRA-1020
Hot Beverages,Coffee,Mocha,HOT-COF-MOC-1021
Snacks,Baked,Cinammon Roll,SNA-BAK-CIN-1022
Retail,Kitchen Tool,Dripper,RET-KIT-DRI-1023
Retail,Mug,PyBrew I Wish You Were Here Mug 12oz,RET-MUG-PYB-1024
Retail,Kitchen Tool,Dripper,RET-KIT-DRI-1025
Retail,Kitchen Tool,Perculator,RET-KIT-PER-1026
Snacks,Baked,Croissant,SNA-BAK-CRO-1027
Retail,Mug,PyBrew I Wish You Were Here Mug 12oz,RET-MUG-PYB-1028
Retail,Mug,PyBrew Texas Edition Mug 36oz,RET-MUG-PYB-1029
Snacks,Baked,Bagel,SNA-BAK-BAG-1030
Cold Beverages,Iced Tea,Iced Green Tea,COL-ICE-ICE-1031
Snacks,Packaged,Trail Mix,SNA-PAC-TRA-1032
Cold Beverages,Iced Coffee,Cold Brew,COL-ICE-COL-1033
Hot Beverages,Coffee,Espresso,HOT-COF-ESP-1034
Cold Beverages,Iced Tea,Iced Green Tea,COL-ICE-ICE-1035
Hot Beverages,Coffee,Espresso,HOT-COF-ESP-1036
Snacks,Packaged,Chewing Gum,SNA-PAC-CHE-1037
Cold Beverages,Iced Coffee,Iced Mocha,COL-ICE-ICE-1038
Hot Beverages,Coffee,Espresso,HOT-COF-ESP-1039
Snacks,Baked,Croissant,SNA-BAK-CRO-1040
Snacks,Packaged,Trail Mix,SNA-PAC-TRA-1041
Retail,Kitchen Tool,Perculator,RET-KIT-PER-1042
Snacks,Baked,Croissant,SNA-BAK-CRO-1043
Retail,Kitchen Tool,Perculator,RET-KIT-PER-1044
Hot Beverages,Tea,Black Tea,HOT-TEA-BLA-1045
Snacks,Packaged,Chewing Gum,SNA-PAC-CHE-1046
Retail,Mug,PyBrew Texas Edition Mug 36oz,RET-MUG-PYB-1047
Hot Beverages,Tea,Green Tea,HOT-TEA-GRE-1048
Hot Beverages,Coffee,Latte,HOT-COF-LAT-1049
Hot Beverages,Tea,Chai Tea,HOT-TEA-CHA-1050
Retail,Mug,PyBrew Texas Edition Mug 36oz,RET-MUG-PYB-1051
Hot Beverages,Tea,Chai Tea,HOT-TEA-CHA-1052
Hot Beverages,Tea,Black Tea,HOT-TEA-BLA-1053
Snacks,Packaged,M&M,SNA-PAC-M&M-1054
Snacks,Baked,Croissant,SNA-BAK-CRO-1055
Cold Beverages,Iced Coffee,Iced Americano,COL-ICE-ICE-1056
Hot Beverages,Tea,Earl Grey Tea,HOT-TEA-EAR-1057
Retail,Mug,PyBrew Texas Edition Mug 36oz,RET-MUG-PYB-1058
Hot Beverages,Tea,Earl Grey Tea,HOT-TEA-EAR-1059
Hot Beverages,Coffee,Americano,HOT-COF-AME-1060
Retail,Mug,PyBrew Texas Edition Mug 36oz,RET-MUG-PYB-1061
Cold Beverages,Iced Tea,Iced Green Tea,COL-ICE-ICE-1062
Hot Beverages,Coffee,Espresso,HOT-COF-ESP-1063
Cold Beverages,Iced Tea,Iced Green Tea,COL-ICE-ICE-1064
Retail,Mug,PyBrew Texas Edition Mug 36oz,RET-MUG-PYB-1065
Hot Beverages,Coffee,Americano,HOT-COF-AME-1066
Retail,Mug,PyBrew Texas Edition Mug 36oz,RET-MUG-PYB-1067
Cold Beverages,Iced Coffee,Iced Latte,COL-ICE-ICE-1068
Retail,Kitchen Tool,Perculator,RET-KIT-PER-1069
Cold Beverages,Iced Tea,Iced Earl Grey Tea,COL-ICE-ICE-1070
Snacks,Baked,Muffin,SNA-BAK-MUF-1071
Snacks,Baked,Bagel,SNA-BAK-BAG-1072
Retail,Mug,PyBrew I Wish You Were Here Mug 12oz,RET-MUG-PYB-1073
Snacks,Baked,Cinammon Roll,SNA-BAK-CIN-1074
Cold Beverages,Iced Tea,Iced Herbal Tea,COL-ICE-ICE-1075
Retail,Kitchen Tool,French Press,RET-KIT-FRE-1076
Cold Beverages,Iced Coffee,Cold Brew,COL-ICE-COL-1077
Cold Beverages,Iced Coffee,Iced Cappuccino,COL-ICE-ICE-1078
Snacks,Baked,Cinammon Roll,SNA-BAK-CIN-1079
Snacks,Packaged,Chewing Gum,SNA-PAC-CHE-1080
Hot Beverages,Coffee,Espresso,HOT-COF-ESP-1081
Snacks,Baked,Bagel,SNA-BAK-BAG-1082
Hot Beverages,Tea,Green Tea,HOT-TEA-GRE-1083
Retail,Kitchen Tool,Perculator,RET-KIT-PER-1084
Hot Beverages,Tea,Earl Grey Tea,HOT-TEA-EAR-1085
Hot Beverages,Tea,Chai Tea,HOT-TEA-CHA-1086
Retail,Kitchen Tool,Perculator,RET-KIT-PER-1087
Snacks,Packaged,Fruit Cup,SNA-PAC-FRU-1088
Hot Beverages,Tea,Chai Tea,HOT-TEA-CHA-1089
Hot Beverages,Tea,Earl Grey Tea,HOT-TEA-EAR-1090
Snacks,Baked,Bagel,SNA-BAK-BAG-1091
Retail,Kitchen Tool,Dripper,RET-KIT-DRI-1092
Snacks,Baked,Croissant,SNA-BAK-CRO-1093
Retail,Kitchen Tool,Perculator,RET-KIT-PER-1094
Hot Beverages,Coffee,Americano,HOT-COF-AME-1095
Hot Beverages,Coffee,Americano,HOT-COF-AME-1096
Snacks,Packaged,M&M,SNA-PAC-M&M-1097
Hot Beverages,Coffee,Cappuccino,HOT-COF-CAP-1098
Hot Beverages,Coffee,Americano,HOT-COF-AME-1099
Retail,Kitchen Tool,Dripper,RET-KIT-DRI-1100
Snacks,Baked,Cookie,SNA-BAK-COO-1101
Snacks,Packaged,Fruit Cup,SNA-PAC-FRU-1102
Cold Beverages,Iced Tea,Iced Earl Grey Tea,COL-ICE-ICE-1103
Hot Beverages,Tea,Earl Grey Tea,HOT-TEA-EAR-1104
Snacks,Packaged,Fruit Cup,SNA-PAC-FRU-1105
Snacks,Packaged,M&M,SNA-PAC-M&M-1106
Cold Beverages,Iced Tea,Iced Black Tea,COL-ICE-ICE-1107
Snacks,Baked,Muffin,SNA-BAK-MUF-1108
Snacks,Packaged,Fruit Cup,SNA-PAC-FRU-1109
Snacks,Packaged,Chewing Gum,SNA-PAC-CHE-1110
Cold Beverages,Iced Coffee,Cold Brew,COL-ICE-COL-1111
Snacks,Baked,Cinammon Roll,SNA-BAK-CIN-1112
Hot Beverages,Tea,Chai Tea,HOT-TEA-CHA-1113
Snacks,Baked,Cinammon Roll,SNA-BAK-CIN-1114
Retail,Mug,PyBrew I Wish You Were Here Mug 12oz,RET-MUG-PYB-1115
Snacks,Packaged,Chewing Gum,SNA-PAC-CHE-1116
Hot Beverages,Coffee,Mocha,HOT-COF-MOC-1117
Cold Beverages,Iced Coffee,Iced Americano,COL-ICE-ICE-1118
Cold Beverages,Iced Coffee,Iced Cappuccino,COL-ICE-ICE-1119
Cold Beverages,Iced Coffee,Iced Cappuccino,COL-ICE-ICE-1120
Cold Beverages,Iced Tea,Iced Herbal Tea,COL-ICE-ICE-1121
Hot Beverages,Tea,Herbal Tea,HOT-TEA-HER-1122
Cold Beverages,Iced Tea,Iced Earl Grey Tea,COL-ICE-ICE-1123
Cold Beverages,Iced Coffee,Iced Latte,COL-ICE-ICE-1124
Hot Beverages,Tea,Black Tea,HOT-TEA-BLA-1125
Cold Beverages,Iced Tea,Iced Earl Grey Tea,COL-ICE-ICE-1126
Cold Beverages,Iced Coffee,Iced Mocha,COL-ICE-ICE-1127
Retail,Kitchen Tool,French Press,RET-KIT-FRE-1128
Snacks,Packaged,Fruit Cup,SNA-PAC-FRU-1129
Cold Beverages,Iced Coffee,Iced Americano,COL-ICE-ICE-1130
Cold Beverages,Iced Coffee,Cold Brew,COL-ICE-COL-1131
Snacks,Baked,Cookie,SNA-BAK-COO-1132
Cold Beverages,Iced Tea,Iced Earl Grey Tea,COL-ICE-ICE-1133
Hot Beverages,Coffee,Latte,HOT-COF-LAT-1134
Hot Beverages,Tea,Earl Grey Tea,HOT-TEA-EAR-1135
Retail,Kitchen Tool,Perculator,RET-KIT-PER-1136
Hot Beverages,Tea,Green Tea,HOT-TEA-GRE-1137
Retail,Kitchen Tool,Dripper,RET-KIT-DRI-1138
Snacks,Baked,Croissant,SNA-BAK-CRO-1139
Retail,Kitchen Tool,Perculator,RET-KIT-PER-1140
Retail,Kitchen Tool,French Press,RET-KIT-FRE-1141
Hot Beverages,Coffee,Espresso,HOT-COF-ESP-1142
Retail,Mug,PyBrew I Wish You Were Here Mug 12oz,RET-MUG-PYB-1143
Snacks,Baked,Muffin,SNA-BAK-MUF-1144
Hot Beverages,Coffee,Cappuccino,HOT-COF-CAP-1145
Cold Beverages,Iced Coffee,Iced Cappuccino,COL-ICE-ICE-1146
Retail,Mug,PyBrew I Wish You Were Here Mug 12oz,RET-MUG-PYB-1147
Hot Beverages,Tea,Earl Grey Tea,HOT-TEA-EAR-1148
Snacks,Packaged,Chewing Gum,SNA-PAC-CHE-1149
Snacks,Baked,Cinammon Roll,SNA-BAK-CIN-1150
Retail,Kitchen Tool,French Press,RET-KIT-FRE-1151
Snacks,Packaged,Chewing Gum,SNA-PAC-CHE-1152
Snacks,Baked,Cinammon Roll,SNA-BAK-CIN-1153
Hot Beverages,Tea,Green Tea,HOT-TEA-GRE-1154
Hot Beverages,Tea,Herbal Tea,HOT-TEA-HER-1155
Snacks,Baked,Cinammon Roll,SNA-BAK-CIN-1156
Cold Beverages,Iced Coffee,Iced Mocha,COL-ICE-ICE-1157
Retail,Kitchen Tool,Perculator,RET-KIT-PER-1158
Retail,Kitchen Tool,French Press,RET-KIT-FRE-1159
Retail,Mug,PyBrew Texas Edition Mug 36oz,RET-MUG-PYB-1160
Hot Beverages,Coffee,Mocha,HOT-COF-MOC-1161
Hot Beverages,Tea,Earl Grey Tea,HOT-TEA-EAR-1162
Retail,Mug,PyBrew I Wish You Were Here Mug 12oz,RET-MUG-PYB-1163
Cold Beverages,Iced Coffee,Iced Cappuccino,COL-ICE-ICE-1164
Retail,Kitchen Tool,French Press,RET-KIT-FRE-1165
Snacks,Baked,Cookie,SNA-BAK-COO-1166
Hot Beverages,Coffee,Mocha,HOT-COF-MOC-1167
Hot Beverages,Coffee,Cappuccino,HOT-COF-CAP-1168
Hot Beverages,Coffee,Cappuccino,HOT-COF-CAP-1169
Retail,Mug,PyBrew Texas Edition Mug 36oz,RET-MUG-PYB-1170
Retail,Mug,PyBrew Texas Edition Mug 36oz,RET-MUG-PYB-1171
Retail,Mug,PyBrew Texas Edition Mug 36oz,RET-MUG-PYB-1172
Retail,Kitchen Tool,Dripper,RET-KIT-DRI-1173
Hot Beverages,Tea,Earl Grey Tea,HOT-TEA-EAR-1174
Hot Beverages,Tea,Chai Tea,HOT-TEA-CHA-1175
Snacks,Baked,Croissant,SNA-BAK-CRO-1176
Snacks,Baked,Bagel,SNA-BAK-BAG-1177
Cold Beverages,Iced Tea,Iced Earl Grey Tea,COL-ICE-ICE-1178
Hot Beverages,Tea,Chai Tea,HOT-TEA-CHA-1179
Hot Beverages,Tea,Herbal Tea,HOT-TEA-HER-1180
Retail,Kitchen Tool,French Press,RET-KIT-FRE-1181
Hot Beverages,Coffee,Cappuccino,HOT-COF-CAP-1182
Retail,Mug,PyBrew I Wish You Were Here Mug 12oz,RET-MUG-PYB-1183
Retail,Kitchen Tool,French Press,RET-KIT-FRE-1184
Hot Beverages,Tea,Earl Grey Tea,HOT-TEA-EAR-1185
Cold Beverages,Iced Coffee,Cold Brew,COL-ICE-COL-1186
Snacks,Packaged,Chewing Gum,SNA-PAC-CHE-1187
Snacks,Packaged,Trail Mix,SNA-PAC-TRA-1188
Cold Beverages,Iced Coffee,Iced Latte,COL-ICE-ICE-1189
Cold Beverages,Iced Coffee,Cold Brew,COL-ICE-COL-1190
Cold Beverages,Iced Coffee,Iced Americano,COL-ICE-ICE-1191
Retail,Mug,PyBrew I Wish You Were Here Mug 12oz,RET-MUG-PYB-1192
Hot Beverages,Coffee,Americano,HOT-COF-AME-1193
Hot Beverages,Tea,Green Tea,HOT-TEA-GRE-1194
Snacks,Packaged,Chewing Gum,SNA-PAC-CHE-1195
Cold Beverages,Iced Tea,Iced Chai Tea,COL-ICE-ICE-1196
Hot Beverages,Tea,Chai Tea,HOT-TEA-CHA-1197
Snacks,Packaged,Fruit Cup,SNA-PAC-FRU-1198
Retail,Mug,PyBrew Texas Edition Mug 36oz,RET-MUG-PYB-1199
Hot Beverages,Coffee,Cappuccino,HOT-COF-CAP-1200
Cold Beverages,Iced Coffee,Iced Cappuccino,COL-ICE-ICE-1201
Snacks,Packaged,Gronola Bar,SNA-PAC-GRO-1202
Cold Beverages,Iced Coffee,Iced Americano,COL-ICE-ICE-1203
Retail,Kitchen Tool,Dripper,RET-KIT-DRI-1204
Hot Beverages,Coffee,Cappuccino,HOT-COF-CAP-1205
Retail,Kitchen Tool,Perculator,RET-KIT-PER-1206
Cold Beverages,Iced Coffee,Iced Mocha,COL-ICE-ICE-1207
Retail,Mug,PyBrew Texas Edition Mug 36oz,RET-MUG-PYB-1208
Retail,Kitchen Tool,Dripper,RET-KIT-DRI-1209
Snacks,Baked,Bagel,SNA-BAK-BAG-1210
Retail,Mug,PyBrew I Wish You Were Here Mug 12oz,RET-MUG-PYB-1211
Snacks,Baked,Muffin,SNA-BAK-MUF-1212
Hot Beverages,Coffee,Mocha,HOT-COF-MOC-1213
Cold Beverages,Iced Tea,Iced Black Tea,COL-ICE-ICE-1214
Retail,Mug,PyBrew Texas Edition Mug 36oz,RET-MUG-PYB-1215
Retail,Mug,PyBrew I Wish You Were Here Mug 12oz,RET-MUG-PYB-1216
Cold Beverages,Iced Coffee,Iced Cappuccino,COL-ICE-ICE-1217
Snacks,Baked,Cinammon Roll,SNA-BAK-CIN-1218
Retail,Mug,PyBrew Texas Edition Mug 36oz,RET-MUG-PYB-1219
Snacks,Packaged,Chewing Gum,SNA-PAC-CHE-1220
Retail,Mug,PyBrew I Wish You Were Here Mug 12oz,RET-MUG-PYB-1221
Retail,Kitchen Tool,Dripper,RET-KIT-DRI-1222
Retail,Mug,PyBrew Texas Edition Mug 36oz,RET-MUG-PYB-1223
Cold Beverages,Iced Coffee,Iced Latte,COL-ICE-ICE-1224
Snacks,Packaged,Chewing Gum,SNA-PAC-CHE-1225
Retail,Kitchen Tool,Perculator,RET-KIT-PER-1226
Cold Beverages,Iced Tea,Iced Herbal Tea,COL-ICE-ICE-1227
Hot Beverages,Tea,Herbal Tea,HOT-TEA-HER-1228
Hot Beverages,Coffee,Espresso,HOT-COF-ESP-1229
Snacks,Baked,Muffin,SNA-BAK-MUF-1230
Hot Beverages,Tea,Chai Tea,HOT-TEA-CHA-1231
Cold Beverages,Iced Coffee,Cold Brew,COL-ICE-COL-1232
Hot Beverages,Coffee,Mocha,HOT-COF-MOC-1233
Snacks,Baked,Cookie,SNA-BAK-COO-1234
Snacks,Baked,Cinammon Roll,SNA-BAK-CIN-1235
Cold Beverages,Iced Tea,Iced Black Tea,COL-ICE-ICE-1236
Retail,Mug,PyBrew I Wish You Were Here Mug 12oz,RET-MUG-PYB-1237
Snacks,Baked,Cinammon Roll,SNA-BAK-CIN-1238
Hot Beverages,Tea,Earl Grey Tea,HOT-TEA-EAR-1239
Retail,Mug,PyBrew Texas Edition Mug 36oz,RET-MUG-PYB-1240
Cold Beverages,Iced Tea,Iced Green Tea,COL-ICE-ICE-1241
Hot Beverages,Coffee,Mocha,HOT-COF-MOC-1242
Cold Beverages,Iced Coffee,Iced Americano,COL-ICE-ICE-1243
Hot Beverages,Coffee,Mocha,HOT-COF-MOC-1244
Cold Beverages,Iced Coffee,Iced Mocha,COL-ICE-ICE-1245
Retail,Kitchen Tool,Dripper,RET-KIT-DRI-1246
Retail,Mug,PyBrew Texas Edition Mug 36oz,RET-MUG-PYB-1247
Hot Beverages,Coffee,Americano,HOT-COF-AME-1248
Retail,Mug,PyBrew Texas Edition Mug 36oz,RET-MUG-PYB-1249
Hot Beverages,Tea,Black Tea,HOT-TEA-BLA-1250
Retail,Kitchen Tool,Dripper,RET-KIT-DRI-1251
Snacks,Baked,Cookie,SNA-BAK-COO-1252
Snacks,Packaged,Fruit Cup,SNA-PAC-FRU-1253
Snacks,Packaged,Fruit Cup,SNA-PAC-FRU-1254
Retail,Kitchen Tool,French Press,RET-KIT-FRE-1255
Hot Beverages,Tea,Herbal Tea,HOT-TEA-HER-1256
Hot Beverages,Tea,Green Tea,HOT-TEA-GRE-1257
Cold Beverages,Iced Tea,Iced Herbal Tea,COL-ICE-ICE-1258
Hot Beverages,Tea,Green Tea,HOT-TEA-GRE-1259
Cold Beverages,Iced Tea,Iced Herbal Tea,COL-ICE-ICE-1260
Retail,Kitchen Tool,Dripper,RET-KIT-DRI-1261
Cold Beverages,Iced Coffee,Iced Cappuccino,COL-ICE-ICE-1262
Snacks,Baked,Cinammon Roll,SNA-BAK-CIN-1263
Cold Beverages,Iced Tea,Iced Green Tea,COL-ICE-ICE-1264
Hot Beverages,Coffee,Latte,HOT-COF-LAT-1265
Retail,Kitchen Tool,French Press,RET-KIT-FRE-1266
Snacks,Baked,Cinammon Roll,SNA-BAK-CIN-1267
Cold Beverages,Iced Tea,Iced Earl Grey Tea,COL-ICE-ICE-1268
Snacks,Packaged,Gronola Bar,SNA-PAC-GRO-1269
Cold Beverages,Iced Coffee,Iced Americano,COL-ICE-ICE-1270
Snacks,Baked,Bagel,SNA-BAK-BAG-1271
Retail,Kitchen Tool,Dripper,RET-KIT-DRI-1272
Retail,Kitchen Tool,Dripper,RET-KIT-DRI-1273
Retail,Mug,PyBrew I Wish You Were Here Mug 12oz,RET-MUG-PYB-1274
Retail,Kitchen Tool,French Press,RET-KIT-FRE-1275
Retail,Mug,PyBrew I Wish You Were Here Mug 12oz,RET-MUG-PYB-1276
Hot Beverages,Coffee,Espresso,HOT-COF-ESP-1277
Cold Beverages,Iced Coffee,Iced Mocha,COL-ICE-ICE-1278
Cold Beverages,Iced Tea,Iced Earl Grey Tea,COL-ICE-ICE-1279
Hot Beverages,Coffee,Americano,HOT-COF-AME-1280
Cold Beverages,Iced Tea,Iced Chai Tea,COL-ICE-ICE-1281
Cold Beverages,Iced Coffee,Iced Americano,COL-ICE-ICE-1282
Snacks,Baked,Croissant,SNA-BAK-CRO-1283
Snacks,Baked,Croissant,SNA-BAK-CRO-1284
Hot Beverages,Tea,Earl Grey Tea,HOT-TEA-EAR-1285
Cold Beverages,Iced Tea,Iced Chai Tea,COL-ICE-ICE-1286
Cold Beverages,Iced Tea,Iced Chai Tea,COL-ICE-ICE-1287
Retail,Mug,PyBrew Texas Edition Mug 36oz,RET-MUG-PYB-1288
Retail,Mug,PyBrew I Wish You Were Here Mug 12oz,RET-MUG-PYB-1289
Retail,Mug,PyBrew I Wish You Were Here Mug 12oz,RET-MUG-PYB-1290
Cold Beverages,Iced Coffee,Cold Brew,COL-ICE-COL-1291
Retail,Kitchen Tool,Perculator,RET-KIT-PER-1292
Retail,Mug,PyBrew I Wish You Were Here Mug 12oz,RET-MUG-PYB-1293
Cold Beverages,Iced Tea,Iced Chai Tea,COL-ICE-ICE-1294
Snacks,Packaged,Fruit Cup,SNA-PAC-FRU-1295
Hot Beverages,Coffee,Americano,HOT-COF-AME-1296
Cold Beverages,Iced Tea,Iced Black Tea,COL-ICE-ICE-1297
Hot Beverages,Tea,Chai Tea,HOT-TEA-CHA-1298
Retail,Mug,PyBrew Texas Edition Mug 36oz,RET-MUG-PYB-1299
Cold Beverages,Iced Coffee,Iced Cappuccino,COL-ICE-ICE-1300
Retail,Mug,PyBrew Texas Edition Mug 36oz,RET-MUG-PYB-1301
Cold Beverages,Iced Coffee,Cold Brew,COL-ICE-COL-1302
Cold Beverages,Iced Coffee,Cold Brew,COL-ICE-COL-1303
Snacks,Packaged,M&M,SNA-PAC-M&M-1304
Retail,Mug,PyBrew Texas Edition Mug 36oz,RET-MUG-PYB-1305
Cold Beverages,Iced Tea,Iced Chai Tea,COL-ICE-ICE-1306
Snacks,Packaged,Gronola Bar,SNA-PAC-GRO-1307
Snacks,Packaged,Trail Mix,SNA-PAC-TRA-1308
Cold Beverages,Iced Tea,Iced Chai Tea,COL-ICE-ICE-1309
Hot Beverages,Tea,Black Tea,HOT-TEA-BLA-1310
Hot Beverages,Coffee,Cappuccino,HOT-COF-CAP-1311
Snacks,Baked,Cinammon Roll,SNA-BAK-CIN-1312
Hot Beverages,Coffee,Mocha,HOT-COF-MOC-1313
Snacks,Baked,Muffin,SNA-BAK-MUF-1314
Hot Beverages,Coffee,Cappuccino,HOT-COF-CAP-1315
Retail,Kitchen Tool,Dripper,RET-KIT-DRI-1316
Snacks,Baked,Bagel,SNA-BAK-BAG-1317
Snacks,Baked,Cinammon Roll,SNA-BAK-CIN-1318
Hot Beverages,Tea,Herbal Tea,HOT-TEA-HER-1319
Cold Beverages,Iced Coffee,Iced Latte,COL-ICE-ICE-1320
Retail,Mug,PyBrew I Wish You Were Here Mug 12oz,RET-MUG-PYB-1321
Hot Beverages,Coffee,Mocha,HOT-COF-MOC-1322
Snacks,Packaged,Fruit Cup,SNA-PAC-FRU-1323
Snacks,Baked,Cookie,SNA-BAK-COO-1324
Hot Beverages,Tea,Green Tea,HOT-TEA-GRE-1325
Snacks,Baked,Cookie,SNA-BAK-COO-1326
Hot Beverages,Tea,Chai Tea,HOT-TEA-CHA-1327
Hot Beverages,Coffee,Americano,HOT-COF-AME-1328
Hot Beverages,Coffee,Latte,HOT-COF-LAT-1329
Snacks,Baked,Cinammon Roll,SNA-BAK-CIN-1330
Retail,Kitchen Tool,French Press,RET-KIT-FRE-1331
Cold Beverages,Iced Tea,Iced Green Tea,COL-ICE-ICE-1332
Retail,Kitchen Tool,French Press,RET-KIT-FRE-1333
Snacks,Baked,Bagel,SNA-BAK-BAG-1334
Snacks,Packaged,M&M,SNA-PAC-M&M-1335
Hot Beverages,Coffee,Mocha,HOT-COF-MOC-1336
Snacks,Packaged,M&M,SNA-PAC-M&M-1337
Hot Beverages,Tea,Earl Grey Tea,HOT-TEA-EAR-1338
Cold Beverages,Iced Coffee,Cold Brew,COL-ICE-COL-1339
Cold Beverages,Iced Coffee,Iced Latte,COL-ICE-ICE-1340
Cold Beverages,Iced Tea,Iced Black Tea,COL-ICE-ICE-1341
Cold Beverages,Iced Coffee,Cold Brew,COL-ICE-COL-1342
Snacks,Baked,Bagel,SNA-BAK-BAG-1343
Retail,Mug,PyBrew I Wish You Were Here Mug 12oz,RET-MUG-PYB-1344
Hot Beverages,Tea,Herbal Tea,HOT-TEA-HER-1345
Cold Beverages,Iced Tea,Iced Chai Tea,COL-ICE-ICE-1346
Cold Beverages,Iced Tea,Iced Black Tea,COL-ICE-ICE-1347
Cold Beverages,Iced Coffee,Iced Latte,COL-ICE-ICE-1348
Snacks,Baked,Cinammon Roll,SNA-BAK-CIN-1349
Cold Beverages,Iced Coffee,Iced Mocha,COL-ICE-ICE-1350
Snacks,Packaged,Trail Mix,SNA-PAC-TRA-1351
Cold Beverages,Iced Coffee,Cold Brew,COL-ICE-COL-1352
Cold Beverages,Iced Tea,Iced Green Tea,COL-ICE-ICE-1353
Snacks,Baked,Cookie,SNA-BAK-COO-1354
Hot Beverages,Coffee,Espresso,HOT-COF-ESP-1355
Hot Beverages,Tea,Black Tea,HOT-TEA-BLA-1356
Snacks,Packaged,Fruit Cup,SNA-PAC-FRU-1357
Hot Beverages,Tea,Chai Tea,HOT-TEA-CHA-1358
Hot Beverages,Tea,Green Tea,HOT-TEA-GRE-1359
Snacks,Baked,Cookie,SNA-BAK-COO-1360
Retail,Kitchen Tool,French Press,RET-KIT-FRE-1361
Hot Beverages,Tea,Herbal Tea,HOT-TEA-HER-1362
Hot Beverages,Tea,Earl Grey Tea,HOT-TEA-EAR-1363
Cold Beverages,Iced Tea,Iced Black Tea,COL-ICE-ICE-1364
Hot Beverages,Coffee,Latte,HOT-COF-LAT-1365
Cold Beverages,Iced Tea,Iced Herbal Tea,COL-ICE-ICE-1366
Hot Beverages,Coffee,Cappuccino,HOT-COF-CAP-1367
Hot Beverages,Tea,Chai Tea,HOT-TEA-CHA-1368
Cold Beverages,Iced Coffee,Iced Americano,COL-ICE-ICE-1369
Snacks,Baked,Croissant,SNA-BAK-CRO-1370
Cold Beverages,Iced Coffee,Iced Mocha,COL-ICE-ICE-1371
Retail,Mug,PyBrew Texas Edition Mug 36oz,RET-MUG-PYB-1372
Hot Beverages,Tea,Chai Tea,HOT-TEA-CHA-1373
Snacks,Baked,Muffin,SNA-BAK-MUF-1374
Retail,Mug,PyBrew I Wish You Were Here Mug 12oz,RET-MUG-PYB-1375
Hot Beverages,Coffee,Latte,HOT-COF-LAT-1376
Retail,Mug,PyBrew I Wish You Were Here Mug 12oz,RET-MUG-PYB-1377
Hot Beverages,Tea,Earl Grey Tea,HOT-TEA-EAR-1378
Snacks,Packaged,Chewing Gum,SNA-PAC-CHE-1379
Cold Beverages,Iced Tea,Iced Chai Tea,COL-ICE-ICE-1380
Retail,Mug,PyBrew I Wish You Were Here Mug 12oz,RET-MUG-PYB-1381
Hot Beverages,Tea,Chai Tea,HOT-TEA-CHA-1382
Cold Beverages,Iced Tea,Iced Black Tea,COL-ICE-ICE-1383
Snacks,Baked,Bagel,SNA-BAK-BAG-1384
Cold Beverages,Iced Tea,Iced Earl Grey Tea,COL-ICE-ICE-1385
Retail,Kitchen Tool,French Press,RET-KIT-FRE-1386
Hot Beverages,Tea,Black Tea,HOT-TEA-BLA-1387
Cold Beverages,Iced Tea,Iced Black Tea,COL-ICE-ICE-1388
Hot Beverages,Coffee,Mocha,HOT-COF-MOC-1389
Cold Beverages,Iced Tea,Iced Chai Tea,COL-ICE-ICE-1390
Cold Beverages,Iced Tea,Iced Black Tea,COL-ICE-ICE-1391
Retail,Kitchen Tool,French Press,RET-KIT-FRE-1392
Retail,Kitchen Tool,French Press,RET-KIT-FRE-1393
Cold Beverages,Iced Coffee,Iced Mocha,COL-ICE-ICE-1394
Cold Beverages,Iced Tea,Iced Chai Tea,COL-ICE-ICE-1395
Cold Beverages,Iced Coffee,Iced Cappuccino,COL-ICE-ICE-1396
Cold Beverages,Iced Tea,Iced Herbal Tea,COL-ICE-ICE-1397
Retail,Mug,PyBrew Texas Edition Mug 36oz,RET-MUG-PYB-1398
Hot Beverages,Tea,Earl Grey Tea,HOT-TEA-EAR-1399
Hot Beverages,Tea,Herbal Tea,HOT-TEA-HER-1400
Retail,Mug,PyBrew Texas Edition Mug 36oz,RET-MUG-PYB-1401
Cold Beverages,Iced Tea,Iced Chai Tea,COL-ICE-ICE-1402
Retail,Kitchen Tool,Dripper,RET-KIT-DRI-1403
Snacks,Packaged,Gronola Bar,SNA-PAC-GRO-1404
Snacks,Packaged,Gronola Bar,SNA-PAC-GRO-1405
Cold Beverages,Iced Tea,Iced Black Tea,COL-ICE-ICE-1406
Retail,Mug,PyBrew I Wish You Were Here Mug 12oz,RET-MUG-PYB-1407
Hot Beverages,Coffee,Cappuccino,HOT-COF-CAP-1408
Cold Beverages,Iced Coffee,Iced Cappuccino,COL-ICE-ICE-1409
Snacks,Packaged,Trail Mix,SNA-PAC-TRA-1410
Hot Beverages,Coffee,Espresso,HOT-COF-ESP-1411
Snacks,Baked,Cinammon Roll,SNA-BAK-CIN-1412
Hot Beverages,Tea,Black Tea,HOT-TEA-BLA-1413
Hot Beverages,Tea,Chai Tea,HOT-TEA-CHA-1414
Hot Beverages,Tea,Green Tea,HOT-TEA-GRE-1415
Cold Beverages,Iced Coffee,Iced Cappuccino,COL-ICE-ICE-1416
Cold Beverages,Iced Tea,Iced Earl Grey Tea,COL-ICE-ICE-1417
Retail,Mug,PyBrew I Wish You Were Here Mug 12oz,RET-MUG-PYB-1418
Cold Beverages,Iced Coffee,Iced Cappuccino,COL-ICE-ICE-1419
Hot Beverages,Coffee,Latte,HOT-COF-LAT-1420
Hot Beverages,Tea,Earl Grey Tea,HOT-TEA-EAR-1421
Retail,Mug,PyBrew Texas Edition Mug 36oz,RET-MUG-PYB-1422
Snacks,Packaged,Trail Mix,SNA-PAC-TRA-1423
Snacks,Baked,Bagel,SNA-BAK-BAG-1424
Cold Beverages,Iced Coffee,Cold Brew,COL-ICE-COL-1425
Retail,Mug,PyBrew I Wish You Were Here Mug 12oz,RET-MUG-PYB-1426
Snacks,Baked,Cinammon Roll,SNA-BAK-CIN-1427
Snacks,Packaged,Fruit Cup,SNA-PAC-FRU-1428
Cold Beverages,Iced Tea,Iced Earl Grey Tea,COL-ICE-ICE-1429
Retail,Kitchen Tool,French Press,RET-KIT-FRE-1430
Retail,Mug,PyBrew Texas Edition Mug 36oz,RET-MUG-PYB-1431
Hot Beverages,Coffee,Espresso,HOT-COF-ESP-1432
Retail,Mug,PyBrew Texas Edition Mug 36oz,RET-MUG-PYB-1433
Snacks,Baked,Bagel,SNA-BAK-BAG-1434
Retail,Kitchen Tool,Perculator,RET-KIT-PER-1435
Retail,Kitchen Tool,French Press,RET-KIT-FRE-1436
Cold Beverages,Iced Coffee,Iced Mocha,COL-ICE-ICE-1437
Cold Beverages,Iced Tea,Iced Earl Grey Tea,COL-ICE-ICE-1438
Hot Beverages,Coffee,Latte,HOT-COF-LAT-1439
Retail,Kitchen Tool,Dripper,RET-KIT-DRI-1440
Retail,Mug,PyBrew I Wish You Were Here Mug 12oz,RET-MUG-PYB-1441
Retail,Kitchen Tool,Perculator,RET-KIT-PER-1442
Hot Beverages,Coffee,Latte,HOT-COF-LAT-1443
Retail,Mug,PyBrew I Wish You Were Here Mug 12oz,RET-MUG-PYB-1444
Hot Beverages,Coffee,Americano,HOT-COF-AME-1445
Retail,Mug,PyBrew I Wish You Were Here Mug 12oz,RET-MUG-PYB-1446
Hot Beverages,Coffee,Cappuccino,HOT-COF-CAP-1447
Retail,Kitchen Tool,French Press,RET-KIT-FRE-1448
Cold Beverages,Iced Tea,Iced Black Tea,COL-ICE-ICE-1449
Cold Beverages,Iced Tea,Iced Black Tea,COL-ICE-ICE-1450
Snacks,Packaged,Fruit Cup,SNA-PAC-FRU-1451
Cold Beverages,Iced Tea,Iced Black Tea,COL-ICE-ICE-1452
Hot Beverages,Coffee,Espresso,HOT-COF-ESP-1453
Retail,Kitchen Tool,French Press,RET-KIT-FRE-1454
Snacks,Baked,Bagel,SNA-BAK-BAG-1455
Hot Beverages,Tea,Chai Tea,HOT-TEA-CHA-1456
Hot Beverages,Coffee,Mocha,HOT-COF-MOC-1457
Hot Beverages,Coffee,Americano,HOT-COF-AME-1458
Snacks,Baked,Muffin,SNA-BAK-MUF-1459
Snacks,Baked,Croissant,SNA-BAK-CRO-1460
Snacks,Baked,Bagel,SNA-BAK-BAG-1461
Cold Beverages,Iced Coffee,Iced Americano,COL-ICE-ICE-1462
Cold Beverages,Iced Tea,Iced Black Tea,COL-ICE-ICE-1463
Cold Beverages,Iced Tea,Iced Black Tea,COL-ICE-ICE-1464
Hot Beverages,Tea,Chai Tea,HOT-TEA-CHA-1465
Hot Beverages,Coffee,Mocha,HOT-COF-MOC-1466
Cold Beverages,Iced Coffee,Iced Americano,COL-ICE-ICE-1467
Snacks,Packaged,Chewing Gum,SNA-PAC-CHE-1468
Hot Beverages,Coffee,Americano,HOT-COF-AME-1469
Cold Beverages,Iced Coffee,Iced Cappuccino,COL-ICE-ICE-1470
Hot Beverages,Tea,Chai Tea,HOT-TEA-CHA-1471
Hot Beverages,Tea,Green Tea,HOT-TEA-GRE-1472
Hot Beverages,Tea,Black Tea,HOT-TEA-BLA-1473
Snacks,Packaged,Gronola Bar,SNA-PAC-GRO-1474
Cold Beverages,Iced Tea,Iced Green Tea,COL-ICE-ICE-1475
Snacks,Packaged,M&M,SNA-PAC-M&M-1476
Hot Beverages,Coffee,Americano,HOT-COF-AME-1477
Cold Beverages,Iced Coffee,Iced Latte,COL-ICE-ICE-1478
Snacks,Packaged,Gronola Bar,SNA-PAC-GRO-1479
Hot Beverages,Tea,Earl Grey Tea,HOT-TEA-EAR-1480
Hot Beverages,Tea,Herbal Tea,HOT-TEA-HER-1481
Cold Beverages,Iced Tea,Iced Earl Grey Tea,COL-ICE-ICE-1482
Retail,Mug,PyBrew I Wish You Were Here Mug 12oz,RET-MUG-PYB-1483
Cold Beverages,Iced Coffee,Cold Brew,COL-ICE-COL-1484
Retail,Mug,PyBrew I Wish You Were Here Mug 12oz,RET-MUG-PYB-1485
Cold Beverages,Iced Tea,Iced Black Tea,COL-ICE-ICE-1486
Cold Beverages,Iced Coffee,Cold Brew,COL-ICE-COL-1487
Cold Beverages,Iced Tea,Iced Green Tea,COL-ICE-ICE-1488
Cold Beverages,Iced Tea,Iced Black Tea,COL-ICE-ICE-1489
Cold Beverages,Iced Tea,Iced Earl Grey Tea,COL-ICE-ICE-1490
Retail,Mug,PyBrew I Wish You Were Here Mug 12oz,RET-MUG-PYB-1491
Hot Beverages,Coffee,Americano,HOT-COF-AME-1492
Hot Beverages,Coffee,Mocha,HOT-COF-MOC-1493
Snacks,Packaged,Chewing Gum,SNA-PAC-CHE-1494
Retail,Kitchen Tool,Dripper,RET-KIT-DRI-1495
Snacks,Packaged,Chewing Gum,SNA-PAC-CHE-1496
Hot Beverages,Coffee,Espresso,HOT-COF-ESP-1497
Hot Beverages,Tea,Black Tea,HOT-TEA-BLA-1498
Retail,Mug,PyBrew I Wish You Were Here Mug 12oz,RET-MUG-PYB-1499
Snacks,Baked,Croissant,SNA-BAK-CRO-1500
Cold Beverages,Iced Coffee,Iced Americano,COL-ICE-ICE-1501
Cold Beverages,Iced Tea,Iced Chai Tea,COL-ICE-ICE-1502
Snacks,Packaged,Fruit Cup,SNA-PAC-FRU-1503
Cold Beverages,Iced Tea,Iced Chai Tea,COL-ICE-ICE-1504
Snacks,Baked,Cinammon Roll,SNA-BAK-CIN-1505
Snacks,Packaged,Fruit Cup,SNA-PAC-FRU-1506
Hot Beverages,Coffee,Espresso,HOT-COF-ESP-1507
Hot Beverages,Tea,Green Tea,HOT-TEA-GRE-1508
Snacks,Packaged,M&M,SNA-PAC-M&M-1509
Retail,Kitchen Tool,French Press,RET-KIT-FRE-1510
Hot Beverages,Coffee,Latte,HOT-COF-LAT-1511
Snacks,Packaged,Chewing Gum,SNA-PAC-CHE-1512
Snacks,Baked,Cinammon Roll,SNA-BAK-CIN-1513
Retail,Kitchen Tool,Dripper,RET-KIT-DRI-1514
Retail,Kitchen Tool,Dripper,RET-KIT-DRI-1515
Retail,Kitchen Tool,Perculator,RET-KIT-PER-1516
Hot Beverages,Coffee,Americano,HOT-COF-AME-1517
Cold Beverages,Iced Tea,Iced Black Tea,COL-ICE-ICE-1518
Snacks,Baked,Muffin,SNA-BAK-MUF-1519
Retail,Kitchen Tool,French Press,RET-KIT-FRE-1520
Hot Beverages,Coffee,Americano,HOT-COF-AME-1521
Retail,Mug,PyBrew Texas Edition Mug 36oz,RET-MUG-PYB-1522
Snacks,Packaged,Gronola Bar,SNA-PAC-GRO-1523
Hot Beverages,Coffee,Mocha,HOT-COF-MOC-1524
Retail,Mug,PyBrew I Wish You Were Here Mug 12oz,RET-MUG-PYB-1525
Hot Beverages,Tea,Herbal Tea,HOT-TEA-HER-1526
Cold Beverages,Iced Tea,Iced Chai Tea,COL-ICE-ICE-1527
Snacks,Baked,Cinammon Roll,SNA-BAK-CIN-1528
Cold Beverages,Iced Tea,Iced Chai Tea,COL-ICE-ICE-1529
Snacks,Packaged,Fruit Cup,SNA-PAC-FRU-1530
Retail,Kitchen Tool,Dripper,RET-KIT-DRI-1531
Hot Beverages,Coffee,Espresso,HOT-COF-ESP-1532
Retail,Mug,PyBrew I Wish You Were Here Mug 12oz,RET-MUG-PYB-1533
Snacks,Packaged,Trail Mix,SNA-PAC-TRA-1534
Cold Beverages,Iced Coffee,Iced Latte,COL-ICE-ICE-1535
Snacks,Packaged,M&M,SNA-PAC-M&M-1536
Hot Beverages,Tea,Earl Grey Tea,HOT-TEA-EAR-1537
Retail,Kitchen Tool,Dripper,RET-KIT-DRI-1538
Retail,Kitchen Tool,Dripper,RET-KIT-DRI-1539
Retail,Kitchen Tool,Dripper,RET-KIT-DRI-1540
Retail,Kitchen Tool,Dripper,RET-KIT-DRI-1541
Snacks,Packaged,M&M,SNA-PAC-M&M-1542
Hot Beverages,Coffee,Americano,HOT-COF-AME-1543
Hot Beverages,Tea,Chai Tea,HOT-TEA-CHA-1544
Retail,Mug,PyBrew I Wish You Were Here Mug 12oz,RET-MUG-PYB-1545
Retail,Kitchen Tool,Perculator,RET-KIT-PER-1546
Snacks,Packaged,Gronola Bar,SNA-PAC-GRO-1547
Retail,Kitchen Tool,French Press,RET-KIT-FRE-1548
Cold Beverages,Iced Coffee,Iced Mocha,COL-ICE-ICE-1549
Hot Beverages,Coffee,Americano,HOT-COF-AME-1550
Retail,Mug,PyBrew I Wish You Were Here Mug 12oz,RET-MUG-PYB-1551
Hot Beverages,Coffee,Espresso,HOT-COF-ESP-1552
Hot Beverages,Coffee,Cappuccino,HOT-COF-CAP-1553
Hot Beverages,Coffee,Cappuccino,HOT-COF-CAP-1554
Snacks,Baked,Cinammon Roll,SNA-BAK-CIN-1555
Retail,Kitchen Tool,Dripper,RET-KIT-DRI-1556
Hot Beverages,Coffee,Mocha,HOT-COF-MOC-1557
Hot Beverages,Tea,Earl Grey Tea,HOT-TEA-EAR-1558
Hot Beverages,Coffee,Cappuccino,HOT-COF-CAP-1559
Hot Beverages,Coffee,Mocha,HOT-COF-MOC-1560
Cold Beverages,Iced Coffee,Iced Mocha,COL-ICE-ICE-1561
Cold Beverages,Iced Tea,Iced Earl Grey Tea,COL-ICE-ICE-1562
Retail,Kitchen Tool,Perculator,RET-KIT-PER-1563
Snacks,Packaged,M&M,SNA-PAC-M&M-1564
Cold Beverages,Iced Coffee,Iced Latte,COL-ICE-ICE-1565
Retail,Mug,PyBrew Texas Edition Mug 36oz,RET-MUG-PYB-1566
Snacks,Packaged,Gronola Bar,SNA-PAC-GRO-1567
Hot Beverages,Tea,Chai Tea,HOT-TEA-CHA-1568
Hot Beverages,Tea,Herbal Tea,HOT-TEA-HER-1569
Cold Beverages,Iced Coffee,Cold Brew,COL-ICE-COL-1570
Hot Beverages,Tea,Chai Tea,HOT-TEA-CHA-1571
Hot Beverages,Tea,Herbal Tea,HOT-TEA-HER-1572
Retail,Mug,PyBrew I Wish You Were Here Mug 12oz,RET-MUG-PYB-1573
Hot Beverages,Tea,Herbal Tea,HOT-TEA-HER-1574
Hot Beverages,Coffee,Latte,HOT-COF-LAT-1575
Cold Beverages,Iced Coffee,Iced Americano,COL-ICE-ICE-1576
Snacks,Baked,Bagel,SNA-BAK-BAG-1577
Retail,Kitchen Tool,French Press,RET-KIT-FRE-1578
Snacks,Packaged,Chewing Gum,SNA-PAC-CHE-1579
Hot Beverages,Coffee,Espresso,HOT-COF-ESP-1580
Snacks,Packaged,Gronola Bar,SNA-PAC-GRO-1581
Retail,Kitchen Tool,French Press,RET-KIT-FRE-1582
Cold Beverages,Iced Tea,Iced Herbal Tea,COL-ICE-ICE-1583
Hot Beverages,Tea,Chai Tea,HOT-TEA-CHA-1584
Retail,Kitchen Tool,Dripper,RET-KIT-DRI-1585
Cold Beverages,Iced Tea,Iced Green Tea,COL-ICE-ICE-1586
Retail,Mug,PyBrew Texas Edition Mug 36oz,RET-MUG-PYB-1587
Hot Beverages,Tea,Chai Tea,HOT-TEA-CHA-1588
Cold Beverages,Iced Tea,Iced Earl Grey Tea,COL-ICE-ICE-1589
Snacks,Baked,Cookie,SNA-BAK-COO-1590
Cold Beverages,Iced Tea,Iced Earl Grey Tea,COL-ICE-ICE-1591
Hot Beverages,Tea,Herbal Tea,HOT-TEA-HER-1592
Hot Beverages,Tea,Chai Tea,HOT-TEA-CHA-1593
Retail,Kitchen Tool,French Press,RET-KIT-FRE-1594
Snacks,Packaged,Gronola Bar,SNA-PAC-GRO-1595
Snacks,Packaged,Fruit Cup,SNA-PAC-FRU-1596
Hot Beverages,Tea,Herbal Tea,HOT-TEA-HER-1597
Retail,Mug,PyBrew I Wish You Were Here Mug 12oz,RET-MUG-PYB-1598
Retail,Mug,PyBrew I Wish You Were Here Mug 12oz,RET-MUG-PYB-1599
Hot Beverages,Coffee,Cappuccino,HOT-COF-CAP-1600
Snacks,Baked,Cinammon Roll,SNA-BAK-CIN-1601
Snacks,Baked,Cinammon Roll,SNA-BAK-CIN-1602
Hot Beverages,Tea,Chai Tea,HOT-TEA-CHA-1603
Cold Beverages,Iced Tea,Iced Earl Grey Tea,COL-ICE-ICE-1604
Cold Beverages,Iced Tea,Iced Herbal Tea,COL-ICE-ICE-1605
Cold Beverages,Iced Tea,Iced Green Tea,COL-ICE-ICE-1606
Cold Beverages,Iced Tea,Iced Earl Grey Tea,COL-ICE-ICE-1607
Hot Beverages,Coffee,Americano,HOT-COF-AME-1608
Retail,Mug,PyBrew Texas Edition Mug 36oz,RET-MUG-PYB-1609
Cold Beverages,Iced Coffee,Cold Brew,COL-ICE-COL-1610
Retail,Mug,PyBrew I Wish You Were Here Mug 12oz,RET-MUG-PYB-1611
Cold Beverages,Iced Tea,Iced Black Tea,COL-ICE-ICE-1612
Retail,Mug,PyBrew Texas Edition Mug 36oz,RET-MUG-PYB-1613
Snacks,Baked,Cinammon Roll,SNA-BAK-CIN-1614
Retail,Mug,PyBrew I Wish You Were Here Mug 12oz,RET-MUG-PYB-1615
Retail,Mug,PyBrew I Wish You Were Here Mug 12oz,RET-MUG-PYB-1616
Retail,Mug,PyBrew I Wish You Were Here Mug 12oz,RET-MUG-PYB-1617
Cold Beverages,Iced Tea,Iced Green Tea,COL-ICE-ICE-1618
Cold Beverages,Iced Tea,Iced Green Tea,COL-ICE-ICE-1619
Hot Beverages,Coffee,Americano,HOT-COF-AME-1620
Retail,Kitchen Tool,Perculator,RET-KIT-PER-1621
Retail,Kitchen Tool,Dripper,RET-KIT-DRI-1622
Hot Beverages,Tea,Herbal Tea,HOT-TEA-HER-1623
Snacks,Baked,Muffin,SNA-BAK-MUF-1624
Snacks,Packaged,Gronola Bar,SNA-PAC-GRO-1625
Retail,Kitchen Tool,Dripper,RET-KIT-DRI-1626
Snacks,Baked,Cookie,SNA-BAK-COO-1627
Snacks,Packaged,Chewing Gum,SNA-PAC-CHE-1628
Retail,Mug,PyBrew Texas Edition Mug 36oz,RET-MUG-PYB-1629
Hot Beverages,Tea,Earl Grey Tea,HOT-TEA-EAR-1630
Retail,Kitchen Tool,French Press,RET-KIT-FRE-1631
Snacks,Baked,Croissant,SNA-BAK-CRO-1632
Hot Beverages,Coffee,Cappuccino,HOT-COF-CAP-1633
Snacks,Packaged,Trail Mix,SNA-PAC-TRA-1634
Hot Beverages,Coffee,Mocha,HOT-COF-MOC-1635
Hot Beverages,Coffee,Espresso,HOT-COF-ESP-1636
Hot Beverages,Coffee,Cappuccino,HOT-COF-CAP-1637
Retail,Kitchen Tool,French Press,RET-KIT-FRE-1638
Snacks,Baked,Cinammon Roll,SNA-BAK-CIN-1639
Snacks,Baked,Cookie,SNA-BAK-COO-1640
Retail,Mug,PyBrew Texas Edition Mug 36oz,RET-MUG-PYB-1641
Snacks,Packaged,Trail Mix,SNA-PAC-TRA-1642
Cold Beverages,Iced Tea,Iced Earl Grey Tea,COL-ICE-ICE-1643
Snacks,Packaged,M&M,SNA-PAC-M&M-1644
Snacks,Packaged,Trail Mix,SNA-PAC-TRA-1645
Snacks,Baked,Muffin,SNA-BAK-MUF-1646
Retail,Kitchen Tool,Dripper,RET-KIT-DRI-1647
Hot Beverages,Coffee,Espresso,HOT-COF-ESP-1648
Hot Beverages,Coffee,Espresso,HOT-COF-ESP-1649
Snacks,Baked,Cinammon Roll,SNA-BAK-CIN-1650
Hot Beverages,Tea,Green Tea,HOT-TEA-GRE-1651
Snacks,Packaged,Trail Mix,SNA-PAC-TRA-1652
Retail,Kitchen Tool,Dripper,RET-KIT-DRI-1653
Retail,Mug,PyBrew I Wish You Were Here Mug 12oz,RET-MUG-PYB-1654
Cold Beverages,Iced Coffee,Iced Americano,COL-ICE-ICE-1655
Snacks,Packaged,Fruit Cup,SNA-PAC-FRU-1656
Cold Beverages,Iced Tea,Iced Green Tea,COL-ICE-ICE-1657
Retail,Kitchen Tool,French Press,RET-KIT-FRE-1658
Snacks,Packaged,Chewing Gum,SNA-PAC-CHE-1659
Cold Beverages,Iced Tea,Iced Green Tea,COL-ICE-ICE-1660
Retail,Kitchen Tool,Dripper,RET-KIT-DRI-1661
Retail,Kitchen Tool,Dripper,RET-KIT-DRI-1662
Retail,Mug,PyBrew Texas Edition Mug 36oz,RET-MUG-PYB-1663
Hot Beverages,Coffee,Latte,HOT-COF-LAT-1664
Hot Beverages,Coffee,Cappuccino,HOT-COF-CAP-1665
Hot Beverages,Coffee,Cappuccino,HOT-COF-CAP-1666
Hot Beverages,Tea,Earl Grey Tea,HOT-TEA-EAR-1667
Hot Beverages,Tea,Green Tea,HOT-TEA-GRE-1668
Snacks,Baked,Croissant,SNA-BAK-CRO-1669
Retail,Kitchen Tool,Dripper,RET-KIT-DRI-1670
Hot Beverages,Tea,Black Tea,HOT-TEA-BLA-1671
Snacks,Baked,Cookie,SNA-BAK-COO-1672
Retail,Kitchen Tool,French Press,RET-KIT-FRE-1673
Retail,Mug,PyBrew I Wish You Were Here Mug 12oz,RET-MUG-PYB-1674
Snacks,Baked,Bagel,SNA-BAK-BAG-1675
Retail,Kitchen Tool,Dripper,RET-KIT-DRI-1676
Retail,Kitchen Tool,French Press,RET-KIT-FRE-1677
Retail,Kitchen Tool,Perculator,RET-KIT-PER-1678
Cold Beverages,Iced Tea,Iced Black Tea,COL-ICE-ICE-1679
Cold Beverages,Iced Coffee,Cold Brew,COL-ICE-COL-1680
Snacks,Baked,Bagel,SNA-BAK-BAG-1681
Hot Beverages,Tea,Earl Grey Tea,HOT-TEA-EAR-1682
Hot Beverages,Coffee,Americano,HOT-COF-AME-1683
Hot Beverages,Coffee,Latte,HOT-COF-LAT-1684
Cold Beverages,Iced Coffee,Iced Americano,COL-ICE-ICE-1685
Cold Beverages,Iced Tea,Iced Green Tea,COL-ICE-ICE-1686
Retail,Mug,PyBrew I Wish You Were Here Mug 12oz,RET-MUG-PYB-1687
Retail,Mug,PyBrew Texas Edition Mug 36oz,RET-MUG-PYB-1688
Hot Beverages,Coffee,Latte,HOT-COF-LAT-1689
Cold Beverages,Iced Tea,Iced Green Tea,COL-ICE-ICE-1690
Hot Beverages,Tea,Earl Grey Tea,HOT-TEA-EAR-1691
Hot Beverages,Coffee,Latte,HOT-COF-LAT-1692
Hot Beverages,Coffee,Latte,HOT-COF-LAT-1693
Hot Beverages,Coffee,Americano,HOT-COF-AME-1694
Cold Beverages,Iced Coffee,Iced Cappuccino,COL-ICE-ICE-1695
Retail,Kitchen Tool,French Press,RET-KIT-FRE-1696
Snacks,Packaged,Gronola Bar,SNA-PAC-GRO-1697
Snacks,Packaged,M&M,SNA-PAC-M&M-1698
Retail,Mug,PyBrew Texas Edition Mug 36oz,RET-MUG-PYB-1699
Cold Beverages,Iced Tea,Iced Black Tea,COL-ICE-ICE-1700
Retail,Mug,PyBrew I Wish You Were Here Mug 12oz,RET-MUG-PYB-1701
Hot Beverages,Tea,Herbal Tea,HOT-TEA-HER-1702
Snacks,Baked,Bagel,SNA-BAK-BAG-1703
Retail,Kitchen Tool,Dripper,RET-KIT-DRI-1704
Snacks,Packaged,Gronola Bar,SNA-PAC-GRO-1705
Retail,Mug,PyBrew I Wish You Were Here Mug 12oz,RET-MUG-PYB-1706
Retail,Mug,PyBrew I Wish You Were Here Mug 12oz,RET-MUG-PYB-1707
Snacks,Baked,Cookie,SNA-BAK-COO-1708
Cold Beverages,Iced Tea,Iced Green Tea,COL-ICE-ICE-1709
Cold Beverages,Iced Tea,Iced Black Tea,COL-ICE-ICE-1710
Cold Beverages,Iced Tea,Iced Herbal Tea,COL-ICE-ICE-1711
Snacks,Packaged,Chewing Gum,SNA-PAC-CHE-1712
Cold Beverages,Iced Tea,Iced Earl Grey Tea,COL-ICE-ICE-1713
Cold Beverages,Iced Coffee,Iced Latte,COL-ICE-ICE-1714
Hot Beverages,Tea,Green Tea,HOT-TEA-GRE-1715
Cold Beverages,Iced Tea,Iced Earl Grey Tea,COL-ICE-ICE-1716
Snacks,Packaged,Fruit Cup,SNA-PAC-FRU-1717
Snacks,Baked,Cookie,SNA-BAK-COO-1718
Retail,Kitchen Tool,Dripper,RET-KIT-DRI-1719
Hot Beverages,Coffee,Americano,HOT-COF-AME-1720
Hot Beverages,Coffee,Mocha,HOT-COF-MOC-1721
Hot Beverages,Coffee,Espresso,HOT-COF-ESP-1722
Snacks,Packaged,Gronola Bar,SNA-PAC-GRO-1723
Snacks,Packaged,Trail Mix,SNA-PAC-TRA-1724
Snacks,Packaged,Gronola Bar,SNA-PAC-GRO-1725
Hot Beverages,Coffee,Mocha,HOT-COF-MOC-1726
Hot Beverages,Tea,Green Tea,HOT-TEA-GRE-1727
Snacks,Packaged,M&M,SNA-PAC-M&M-1728
Snacks,Baked,Croissant,SNA-BAK-CRO-1729
Hot Beverages,Tea,Earl Grey Tea,HOT-TEA-EAR-1730
Cold Beverages,Iced Tea,Iced Green Tea,COL-ICE-ICE-1731
Snacks,Packaged,Gronola Bar,SNA-PAC-GRO-1732
Hot Beverages,Tea,Black Tea,HOT-TEA-BLA-1733
Hot Beverages,Coffee,Cappuccino,HOT-COF-CAP-1734
Snacks,Packaged,Chewing Gum,SNA-PAC-CHE-1735
Cold Beverages,Iced Coffee,Iced Americano,COL-ICE-ICE-1736
Snacks,Packaged,M&M,SNA-PAC-M&M-1737
Snacks,Packaged,Gronola Bar,SNA-PAC-GRO-1738
Snacks,Baked,Cookie,SNA-BAK-COO-1739
Cold Beverages,Iced Tea,Iced Green Tea,COL-ICE-ICE-1740
Snacks,Packaged,Chewing Gum,SNA-PAC-CHE-1741
Snacks,Packaged,Gronola Bar,SNA-PAC-GRO-1742
Cold Beverages,Iced Tea,Iced Herbal Tea,COL-ICE-ICE-1743
Cold Beverages,Iced Tea,Iced Green Tea,COL-ICE-ICE-1744
Cold Beverages,Iced Coffee,Iced Americano,COL-ICE-ICE-1745
Retail,Kitchen Tool,French Press,RET-KIT-FRE-1746
Snacks,Packaged,M&M,SNA-PAC-M&M-1747
Cold Beverages,Iced Coffee,Iced Latte,COL-ICE-ICE-1748
Retail,Mug,PyBrew I Wish You Were Here Mug 12oz,RET-MUG-PYB-1749
Cold Beverages,Iced Coffee,Cold Brew,COL-ICE-COL-1750
Retail,Mug,PyBrew I Wish You Were Here Mug 12oz,RET-MUG-PYB-1751
Snacks,Baked,Cookie,SNA-BAK-COO-1752
Hot Beverages,Tea,Green Tea,HOT-TEA-GRE-1753
Retail,Kitchen Tool,Dripper,RET-KIT-DRI-1754
Hot Beverages,Coffee,Cappuccino,HOT-COF-CAP-1755
Snacks,Baked,Bagel,SNA-BAK-BAG-1756
Hot Beverages,Coffee,Espresso,HOT-COF-ESP-1757
Snacks,Baked,Bagel,SNA-BAK-BAG-1758
Retail,Mug,PyBrew Texas Edition Mug 36oz,RET-MUG-PYB-1759
Cold Beverages,Iced Tea,Iced Black Tea,COL-ICE-ICE-1760
Hot Beverages,Tea,Black Tea,HOT-TEA-BLA-1761
Retail,Kitchen Tool,Dripper,RET-KIT-DRI-1762
Snacks,Baked,Croissant,SNA-BAK-CRO-1763
Snacks,Baked,Cinammon Roll,SNA-BAK-CIN-1764
Retail,Kitchen Tool,French Press,RET-KIT-FRE-1765
Cold Beverages,Iced Coffee,Cold Brew,COL-ICE-COL-1766
Snacks,Packaged,M&M,SNA-PAC-M&M-1767
Snacks,Packaged,M&M,SNA-PAC-M&M-1768
Hot Beverages,Coffee,Latte,HOT-COF-LAT-1769
Retail,Mug,PyBrew I Wish You Were Here Mug 12oz,RET-MUG-PYB-1770
Snacks,Baked,Croissant,SNA-BAK-CRO-1771
Cold Beverages,Iced Coffee,Iced Latte,COL-ICE-ICE-1772
Retail,Mug,PyBrew Texas Edition Mug 36oz,RET-MUG-PYB-1773
Cold Beverages,Iced Coffee,Iced Americano,COL-ICE-ICE-1774
Hot Beverages,Tea,Green Tea,HOT-TEA-GRE-1775
Snacks,Packaged,Trail Mix,SNA-PAC-TRA-1776
Retail,Kitchen Tool,Perculator,RET-KIT-PER-1777
Snacks,Packaged,Gronola Bar,SNA-PAC-GRO-1778
Snacks,Packaged,Gronola Bar,SNA-PAC-GRO-1779
Hot Beverages,Tea,Chai Tea,HOT-TEA-CHA-1780
Cold Beverages,Iced Tea,Iced Green Tea,COL-ICE-ICE-1781
Cold Beverages,Iced Tea,Iced Chai Tea,COL-ICE-ICE-1782
Retail,Mug,PyBrew I Wish You Were Here Mug 12oz,RET-MUG-PYB-1783
Snacks,Baked,Bagel,SNA-BAK-BAG-1784
Hot Beverages,Tea,Earl Grey Tea,HOT-TEA-EAR-1785
Hot Beverages,Tea,Herbal Tea,HOT-TEA-HER-1786
Snacks,Baked,Cookie,SNA-BAK-COO-1787
Retail,Kitchen Tool,Dripper,RET-KIT-DRI-1788
Retail,Kitchen Tool,French Press,RET-KIT-FRE-1789
Hot Beverages,Coffee,Americano,HOT-COF-AME-1790
Retail,Mug,PyBrew I Wish You Were Here Mug 12oz,RET-MUG-PYB-1791
Snacks,Baked,Cinammon Roll,SNA-BAK-CIN-1792
Hot Beverages,Coffee,Latte,HOT-COF-LAT-1793
Snacks,Baked,Muffin,SNA-BAK-MUF-1794
Hot Beverages,Coffee,Espresso,HOT-COF-ESP-1795
Hot Beverages,Coffee,Mocha,HOT-COF-MOC-1796
Snacks,Baked,Croissant,SNA-BAK-CRO-1797
Hot Beverages,Coffee,Latte,HOT-COF-LAT-1798
Retail,Kitchen Tool,Perculator,RET-KIT-PER-1799
Snacks,Baked,Cookie,SNA-BAK-COO-1800
Cold Beverages,Iced Coffee,Iced Cappuccino,COL-ICE-ICE-1801
Retail,Kitchen Tool,Dripper,RET-KIT-DRI-1802
Cold Beverages,Iced Tea,Iced Earl Grey Tea,COL-ICE-ICE-1803
Retail,Mug,PyBrew Texas Edition Mug 36oz,RET-MUG-PYB-1804
Retail,Mug,PyBrew I Wish You Were Here Mug 12oz,RET-MUG-PYB-1805
Retail,Kitchen Tool,Dripper,RET-KIT-DRI-1806
Retail,Kitchen Tool,Dripper,RET-KIT-DRI-1807
Snacks,Baked,Cinammon Roll,SNA-BAK-CIN-1808
Hot Beverages,Coffee,Americano,HOT-COF-AME-1809
Hot Beverages,Coffee,Cappuccino,HOT-COF-CAP-1810
Hot Beverages,Tea,Green Tea,HOT-TEA-GRE-1811
Snacks,Baked,Bagel,SNA-BAK-BAG-1812
Hot Beverages,Coffee,Americano,HOT-COF-AME-1813
Retail,Kitchen Tool,French Press,RET-KIT-FRE-1814
Cold Beverages,Iced Tea,Iced Black Tea,COL-ICE-ICE-1815
Snacks,Baked,Cinammon Roll,SNA-BAK-CIN-1816
Retail,Kitchen Tool,Dripper,RET-KIT-DRI-1817
Cold Beverages,Iced Coffee,Iced Mocha,COL-ICE-ICE-1818
Cold Beverages,Iced Tea,Iced Green Tea,COL-ICE-ICE-1819
Cold Beverages,Iced Tea,Iced Black Tea,COL-ICE-ICE-1820
Hot Beverages,Tea,Earl Grey Tea,HOT-TEA-EAR-1821
Retail,Mug,PyBrew I Wish You Were Here Mug 12oz,RET-MUG-PYB-1822
Retail,Kitchen Tool,Dripper,RET-KIT-DRI-1823
Retail,Mug,PyBrew Texas Edition Mug 36oz,RET-MUG-PYB-1824
Snacks,Packaged,M&M,SNA-PAC-M&M-1825
Cold Beverages,Iced Coffee,Cold Brew,COL-ICE-COL-1826
Retail,Mug,PyBrew I Wish You Were Here Mug 12oz,RET-MUG-PYB-1827
Retail,Kitchen Tool,Perculator,RET-KIT-PER-1828
Cold Beverages,Iced Tea,Iced Earl Grey Tea,COL-ICE-ICE-1829
Retail,Kitchen Tool,Dripper,RET-KIT-DRI-1830
Hot Beverages,Coffee,Cappuccino,HOT-COF-CAP-1831
Cold Beverages,Iced Tea,Iced Green Tea,COL-ICE-ICE-1832
Hot Beverages,Coffee,Mocha,HOT-COF-MOC-1833
Snacks,Packaged,Gronola Bar,SNA-PAC-GRO-1834
Snacks,Baked,Croissant,SNA-BAK-CRO-1835
Cold Beverages,Iced Tea,Iced Herbal Tea,COL-ICE-ICE-1836
Cold Beverages,Iced Tea,Iced Black Tea,COL-ICE-ICE-1837
Hot Beverages,Coffee,Espresso,HOT-COF-ESP-1838
Hot Beverages,Coffee,Cappuccino,HOT-COF-CAP-1839
Hot Beverages,Tea,Chai Tea,HOT-TEA-CHA-1840
Hot Beverages,Coffee,Cappuccino,HOT-COF-CAP-1841
Snacks,Packaged,Trail Mix,SNA-PAC-TRA-1842
Hot Beverages,Coffee,Cappuccino,HOT-COF-CAP-1843
Cold Beverages,Iced Coffee,Iced Mocha,COL-ICE-ICE-1844
Cold Beverages,Iced Tea,Iced Black Tea,COL-ICE-ICE-1845
Cold Beverages,Iced Coffee,Iced Cappuccino,COL-ICE-ICE-1846
Snacks,Baked,Croissant,SNA-BAK-CRO-1847
Hot Beverages,Tea,Black Tea,HOT-TEA-BLA-1848
Retail,Kitchen Tool,French Press,RET-KIT-FRE-1849
Hot Beverages,Coffee,Latte,HOT-COF-LAT-1850
Hot Beverages,Tea,Black Tea,HOT-TEA-BLA-1851
Cold Beverages,Iced Coffee,Iced Latte,COL-ICE-ICE-1852
Snacks,Packaged,Chewing Gum,SNA-PAC-CHE-1853
Retail,Kitchen Tool,Dripper,RET-KIT-DRI-1854
Cold Beverages,Iced Coffee,Iced Mocha,COL-ICE-ICE-1855
Cold Beverages,Iced Tea,Iced Chai Tea,COL-ICE-ICE-1856
Hot Beverages,Coffee,Latte,HOT-COF-LAT-1857
Hot Beverages,Coffee,Cappuccino,HOT-COF-CAP-1858
Hot Beverages,Tea,Chai Tea,HOT-TEA-CHA-1859
Retail,Mug,PyBrew I Wish You Were Here Mug 12oz,RET-MUG-PYB-1860
Hot Beverages,Coffee,Americano,HOT-COF-AME-1861
Hot Beverages,Coffee,Latte,HOT-COF-LAT-1862
Hot Beverages,Tea,Green Tea,HOT-TEA-GRE-1863
Hot Beverages,Tea,Black Tea,HOT-TEA-BLA-1864
Cold Beverages,Iced Coffee,Iced Americano,COL-ICE-ICE-1865
Snacks,Packaged,Gronola Bar,SNA-PAC-GRO-1866
Retail,Mug,PyBrew Texas Edition Mug 36oz,RET-MUG-PYB-1867
Cold Beverages,Iced Coffee,Iced Mocha,COL-ICE-ICE-1868
Cold Beverages,Iced Tea,Iced Chai Tea,COL-ICE-ICE-1869
Retail,Kitchen Tool,Perculator,RET-KIT-PER-1870
Snacks,Packaged,Chewing Gum,SNA-PAC-CHE-1871
Retail,Mug,PyBrew I Wish You Were Here Mug 12oz,RET-MUG-PYB-1872
Retail,Kitchen Tool,French Press,RET-KIT-FRE-1873
Snacks,Packaged,Trail Mix,SNA-PAC-TRA-1874
Hot Beverages,Coffee,Americano,HOT-COF-AME-1875
Cold Beverages,Iced Coffee,Iced Mocha,COL-ICE-ICE-1876
Cold Beverages,Iced Coffee,Iced Americano,COL-ICE-ICE-1877
Snacks,Packaged,Gronola Bar,SNA-PAC-GRO-1878
Hot Beverages,Tea,Black Tea,HOT-TEA-BLA-1879
Retail,Kitchen Tool,Dripper,RET-KIT-DRI-1880
Cold Beverages,Iced Coffee,Iced Latte,COL-ICE-ICE-1881
Snacks,Packaged,Gronola Bar,SNA-PAC-GRO-1882
Retail,Kitchen Tool,Dripper,RET-KIT-DRI-1883
Snacks,Baked,Muffin,SNA-BAK-MUF-1884
Snacks,Packaged,Gronola Bar,SNA-PAC-GRO-1885
Retail,Mug,PyBrew I Wish You Were Here Mug 12oz,RET-MUG-PYB-1886
Cold Beverages,Iced Coffee,Iced Mocha,COL-ICE-ICE-1887
Snacks,Packaged,Chewing Gum,SNA-PAC-CHE-1888
Retail,Mug,PyBrew I Wish You Were Here Mug 12oz,RET-MUG-PYB-1889
Cold Beverages,Iced Coffee,Iced Americano,COL-ICE-ICE-1890
Hot Beverages,Tea,Black Tea,HOT-TEA-BLA-1891
Hot Beverages,Coffee,Espresso,HOT-COF-ESP-1892
Hot Beverages,Coffee,Americano,HOT-COF-AME-1893
Cold Beverages,Iced Tea,Iced Herbal Tea,COL-ICE-ICE-1894
Cold Beverages,Iced Tea,Iced Green Tea,COL-ICE-ICE-1895
Cold Beverages,Iced Coffee,Iced Mocha,COL-ICE-ICE-1896
Snacks,Packaged,Trail Mix,SNA-PAC-TRA-1897
Hot Beverages,Tea,Black Tea,HOT-TEA-BLA-1898
Snacks,Packaged,Gronola Bar,SNA-PAC-GRO-1899
Retail,Kitchen Tool,Perculator,RET-KIT-PER-1900
Retail,Kitchen Tool,Perculator,RET-KIT-PER-1901
Hot Beverages,Tea,Earl Grey Tea,HOT-TEA-EAR-1902
Hot Beverages,Tea,Earl Grey Tea,HOT-TEA-EAR-1903
Hot Beverages,Coffee,Cappuccino,HOT-COF-CAP-1904
Snacks,Packaged,M&M,SNA-PAC-M&M-1905
Retail,Mug,PyBrew I Wish You Were Here Mug 12oz,RET-MUG-PYB-1906
Hot Beverages,Tea,Chai Tea,HOT-TEA-CHA-1907
Hot Beverages,Coffee,Latte,HOT-COF-LAT-1908
Cold Beverages,Iced Coffee,Iced Americano,COL-ICE-ICE-1909
Snacks,Baked,Cookie,SNA-BAK-COO-1910
Hot Beverages,Coffee,Americano,HOT-COF-AME-1911
Hot Beverages,Tea,Earl Grey Tea,HOT-TEA-EAR-1912
Retail,Kitchen Tool,French Press,RET-KIT-FRE-1913
Cold Beverages,Iced Coffee,Iced Mocha,COL-ICE-ICE-1914
Cold Beverages,Iced Coffee,Iced Americano,COL-ICE-ICE-1915
Retail,Kitchen Tool,French Press,RET-KIT-FRE-1916
Snacks,Packaged,Trail Mix,SNA-PAC-TRA-1917
Cold Beverages,Iced Tea,Iced Chai Tea,COL-ICE-ICE-1918
Hot Beverages,Coffee,Cappuccino,HOT-COF-CAP-1919
Cold Beverages,Iced Coffee,Iced Mocha,COL-ICE-ICE-1920
Snacks,Baked,Cinammon Roll,SNA-BAK-CIN-1921
Snacks,Baked,Cookie,SNA-BAK-COO-1922
Retail,Kitchen Tool,Perculator,RET-KIT-PER-1923
Snacks,Packaged,Chewing Gum,SNA-PAC-CHE-1924
Retail,Kitchen Tool,Dripper,RET-KIT-DRI-1925
Snacks,Baked,Bagel,SNA-BAK-BAG-1926
Snacks,Packaged,Chewing Gum,SNA-PAC-CHE-1927
Snacks,Packaged,Gronola Bar,SNA-PAC-GRO-1928
Cold Beverages,Iced Coffee,Iced Mocha,COL-ICE-ICE-1929
Snacks,Packaged,Fruit Cup,SNA-PAC-FRU-1930
Cold Beverages,Iced Coffee,Iced Mocha,COL-ICE-ICE-1931
Hot Beverages,Coffee,Cappuccino,HOT-COF-CAP-1932
Retail,Kitchen Tool,French Press,RET-KIT-FRE-1933
Cold Beverages,Iced Coffee,Iced Americano,COL-ICE-ICE-1934
Snacks,Baked,Cookie,SNA-BAK-COO-1935
Retail,Kitchen Tool,Perculator,RET-KIT-PER-1936
Cold Beverages,Iced Tea,Iced Earl Grey Tea,COL-ICE-ICE-1937
Retail,Mug,PyBrew I Wish You Were Here Mug 12oz,RET-MUG-PYB-1938
Retail,Mug,PyBrew I Wish You Were Here Mug 12oz,RET-MUG-PYB-1939
Retail,Kitchen Tool,Dripper,RET-KIT-DRI-1940
Snacks,Baked,Bagel,SNA-BAK-BAG-1941
Cold Beverages,Iced Coffee,Iced Mocha,COL-ICE-ICE-1942
Cold Beverages,Iced Tea,Iced Chai Tea,COL-ICE-ICE-1943
Hot Beverages,Tea,Chai Tea,HOT-TEA-CHA-1944
Hot Beverages,Coffee,Latte,HOT-COF-LAT-1945
Retail,Mug,PyBrew I Wish You Were Here Mug 12oz,RET-MUG-PYB-1946
Cold Beverages,Iced Coffee,Iced Latte,COL-ICE-ICE-1947
Cold Beverages,Iced Coffee,Iced Americano,COL-ICE-ICE-1948
Retail,Kitchen Tool,Dripper,RET-KIT-DRI-1949
Hot Beverages,Coffee,Latte,HOT-COF-LAT-1950
Cold Beverages,Iced Tea,Iced Herbal Tea,COL-ICE-ICE-1951
Cold Beverages,Iced Tea,Iced Green Tea,COL-ICE-ICE-1952
Snacks,Baked,Muffin,SNA-BAK-MUF-1953
Snacks,Packaged,M&M,SNA-PAC-M&M-1954
Hot Beverages,Coffee,Americano,HOT-COF-AME-1955
Hot Beverages,Tea,Black Tea,HOT-TEA-BLA-1956
Hot Beverages,Coffee,Americano,HOT-COF-AME-1957
Retail,Mug,PyBrew Texas Edition Mug 36oz,RET-MUG-PYB-1958
Cold Beverages,Iced Coffee,Iced Americano,COL-ICE-ICE-1959
Cold Beverages,Iced Coffee,Iced Mocha,COL-ICE-ICE-1960
Snacks,Packaged,Trail Mix,SNA-PAC-TRA-1961
Hot Beverages,Coffee,Cappuccino,HOT-COF-CAP-1962
Hot Beverages,Coffee,Espresso,HOT-COF-ESP-1963
Snacks,Baked,Cookie,SNA-BAK-COO-1964
Hot Beverages,Tea,Black Tea,HOT-TEA-BLA-1965
Cold Beverages,Iced Coffee,Iced Cappuccino,COL-ICE-ICE-1966
Snacks,Packaged,Fruit Cup,SNA-PAC-FRU-1967
Hot Beverages,Tea,Herbal Tea,HOT-TEA-HER-1968
Hot Beverages,Coffee,Americano,HOT-COF-AME-1969
Snacks,Baked,Muffin,SNA-BAK-MUF-1970
Hot Beverages,Tea,Green Tea,HOT-TEA-GRE-1971
Snacks,Packaged,Fruit Cup,SNA-PAC-FRU-1972
Cold Beverages,Iced Tea,Iced Green Tea,COL-ICE-ICE-1973
Hot Beverages,Tea,Earl Grey Tea,HOT-TEA-EAR-1974
Retail,Mug,PyBrew I Wish You Were Here Mug 12oz,RET-MUG-PYB-1975
Cold Beverages,Iced Coffee,Cold Brew,COL-ICE-COL-1976
Snacks,Baked,Cinammon Roll,SNA-BAK-CIN-1977
Cold Beverages,Iced Coffee,Iced Cappuccino,COL-ICE-ICE-1978
Retail,Kitchen Tool,Dripper,RET-KIT-DRI-1979
Retail,Kitchen Tool,French Press,RET-KIT-FRE-1980
Cold Beverages,Iced Tea,Iced Earl Grey Tea,COL-ICE-ICE-1981
Retail,Kitchen Tool,French Press,RET-KIT-FRE-1982
Snacks,Baked,Cinammon Roll,SNA-BAK-CIN-1983
Snacks,Baked,Muffin,SNA-BAK-MUF-1984
Cold Beverages,Iced Coffee,Iced Mocha,COL-ICE-ICE-1985
Hot Beverages,Coffee,Mocha,HOT-COF-MOC-1986
Retail,Kitchen Tool,Perculator,RET-KIT-PER-1987
Retail,Mug,PyBrew Texas Edition Mug 36oz,RET-MUG-PYB-1988
Retail,Kitchen Tool,French Press,RET-KIT-FRE-1989
Snacks,Packaged,Gronola Bar,SNA-PAC-GRO-1990
Cold Beverages,Iced Coffee,Iced Mocha,COL-ICE-ICE-1991
Hot Beverages,Tea,Black Tea,HOT-TEA-BLA-1992
Hot Beverages,Tea,Herbal Tea,HOT-TEA-HER-1993
Hot Beverages,Tea,Chai Tea,HOT-TEA-CHA-1994
Cold Beverages,Iced Tea,Iced Black Tea,COL-ICE-ICE-1995
Snacks,Baked,Croissant,SNA-BAK-CRO-1996
Snacks,Baked,Cinammon Roll,SNA-BAK-CIN-1997
Snacks,Packaged,Trail Mix,SNA-PAC-TRA-1998
Cold Beverages,Iced Tea,Iced Earl Grey Tea,COL-ICE-ICE-1999
